<?xml version="1.0" encoding="UTF-8"?>
<root>
<!--    <ToolFxmlLoaderConfiguration title="javaFxTools"-->
<!--                                 menuId="javaFxTools" resourceBundleName="locale.Menu" isMenu="true"/>-->
<!--    <ToolFxmlLoaderConfiguration title="codeTools"-->
<!--                                 menuId="codeTools" isMenu="true"/>-->
<!--    <ToolFxmlLoaderConfiguration title="debugTools"-->
<!--                                 menuId="debugTools" isMenu="true"/>-->
<!--    <ToolFxmlLoaderConfiguration title="epmsTools"-->
<!--                                 menuId="epmsTools" isMenu="true"/>-->
<!--    <ToolFxmlLoaderConfiguration title="littleTools"-->
<!--                                 menuId="littleTools" isMenu="true"/>-->
<!--    <ToolFxmlLoaderConfiguration title="developTools"-->
<!--                                 menuId="developTools" isMenu="true"/>-->
<!--    <ToolFxmlLoaderConfiguration title="webTools"-->
<!--                                 menuId="webTools" isMenu="true"/>-->
<!--    <ToolFxmlLoaderConfiguration title="assistTools"-->
<!--                                 menuId="assistTools" isMenu="true"/>-->
<!--    <ToolFxmlLoaderConfiguration title="games"-->
<!--                                 menuId="games" isMenu="true"/>-->
</root>