<?xml version="1.0" encoding="UTF-8"?>
<root>
	<ToolFxmlLoaderConfiguration title="littleTools" menuId="p-littleTools" menuParentId="moreToolsMenu" isMenu="true" />
	<ToolFxmlLoaderConfiguration>
		<url>/com/xwintop/xJavaFxTool/fxmlView/littleTools/HdfsTool.fxml</url>
		<resourceBundleName>locale.HdfsTool</resourceBundleName>
		<className></className>
		<title>Title</title>
		<isDefaultShow></isDefaultShow>
		<menuId></menuId>
		<menuParentId>p-littleTools</menuParentId>
		<controllerType>Node</controllerType>
	</ToolFxmlLoaderConfiguration>
</root>