<?xml version="1.0" encoding="UTF-8"?>
<root>
	<ToolFxmlLoaderConfiguration title="littleTools" menuId="p-littleTools" menuParentId="moreToolsMenu" isMenu="true" />
	<ToolFxmlLoaderConfiguration>
		<url>/fxml/[PLUGIN_NAME].fxml</url>
		<resourceBundleName>locale.[PLUGIN_NAME]</resourceBundleName>
		<className></className>
		<title>Title</title>
		<isDefaultShow></isDefaultShow>
		<menuId></menuId>
		<menuParentId>p-littleTools</menuParentId>
		<controllerType>Node</controllerType>
	</ToolFxmlLoaderConfiguration>
</root>